graph_size,vav_amt,compressed_size,time
36,0,12,6.68364143371582
87,1,18,7.145797252655029
153,2,24,197.5636441707611
