model_length,not_condensed_t,condensed_t
858,1715,2572,3429,4286,5143,6000,6857,7714,8571,9428,10285,11142,11999
0.07857894897460938,0.022078990936279297,0.02933502197265625,0.07708287239074707,0.05123400688171387,0.09183907508850098,0.06841397285461426,0.07877588272094727,0.1347179412841797,0.14391613006591797,0.15923309326171875,0.16138100624084473,0.18036913871765137,0.18755102157592773
0.038401126861572266,0.05935096740722656,0.11694979667663574,0.19300389289855957,0.29557180404663086,0.40944886207580566,0.5800859928131104,0.7417809963226318,0.9006631374359131,1.1063838005065918,1.3360891342163086,1.5606279373168945,1.8400959968566895,2.1159989833831787
