model_length,not_condensed_t,condensed_t
858,1715,2572,3429,4286,5143,6000,6857,7714,8571,9428,10285,11142,11999
0.0424957275390625,0.08004307746887207,0.11941313743591309,0.15838241577148438,0.1988539695739746,0.2431626319885254,0.4413936138153076,0.4894084930419922,0.5341110229492188,0.6532671451568604,0.7055692672729492,0.6828749179840088,0.7362790107727051,0.7855753898620605
0.17200469970703125,0.8388211727142334,0.6852505207061768,1.0607147216796875,1.528122901916504,1.8991425037384033,2.558476448059082,3.26054048538208,4.262973070144653,5.169767141342163,6.178908586502075,7.300644397735596,8.507036685943604,9.787306785583496
