model_length,not_condensed_t,condensed_t
858,1715,2572,3429,4286,5143,6000,6857,7714,8571,9428,10285,11142,11999
0.011057853698730469,0.022058963775634766,0.03179216384887695,0.04381108283996582,0.08800196647644043,0.05944705009460449,0.10064387321472168,0.11168980598449707,0.12274408340454102,0.15663409233093262,0.1764230728149414,0.1607799530029297,0.17421221733093262,0.18550515174865723
0.041335105895996094,0.06252694129943848,0.12355589866638184,0.24151277542114258,0.29577088356018066,0.45250725746154785,0.5527241230010986,0.7138431072235107,0.9151649475097656,1.1129648685455322,1.3716762065887451,1.5670037269592285,1.8377187252044678,2.106266975402832
