model_length,not_condensed_t,condensed_t
1245,2001,2858,3715,4572,5429,6286,7143,8000,8857,9714,10571,11428,12285,13142,13999,14856,15713,16570,17427
0.0024797916412353516,0.003200054168701172,0.004932880401611328,0.006108760833740234,0.00823974609375,0.010325908660888672,0.012970924377441406,0.01580500602722168,0.019110918045043945,0.022371768951416016,0.027187347412109375,0.030338764190673828,0.03480839729309082,0.0406794548034668,0.04412341117858887,0.04952645301818848,0.054717302322387695,0.05920839309692383,0.06820964813232422,0.07274317741394043
0.0017075538635253906,0.0032575130462646484,0.002445220947265625,0.0018534660339355469,0.0021355152130126953,0.002348184585571289,0.0021851062774658203,0.0023996829986572266,0.0025038719177246094,0.002705812454223633,0.003952503204345703,0.003107786178588867,0.0029413700103759766,0.003297090530395508,0.003144979476928711,0.0033457279205322266,0.0033740997314453125,0.0035355091094970703,0.0037369728088378906,0.003431558609008789
